Domain,Area,Element,Item,Year,Value
"Crops","Argentina","Yield","Barley","1961","10789"
"Crops","Argentina","Yield","Barley","1962","9559"
"Crops","Argentina","Yield","Barley","1963","14674"
"Crops","Argentina","Yield","Barley","1964","14948"
"Crops","Argentina","Yield","Barley","1965","10529"
"Crops","Argentina","Yield","Barley","1966","10665"
"Crops","Argentina","Yield","Barley","1967","11850"
"Crops","Argentina","Yield","Barley","1968","10319"
"Crops","Argentina","Yield","Barley","1969","12473"
"Crops","Argentina","Yield","Barley","1970","10303"
"Crops","Argentina","Yield","Barley","1971","11550"
"Crops","Argentina","Yield","Barley","1972","14637"
"Crops","Argentina","Yield","Barley","1973","14593"
"Crops","Argentina","Yield","Barley","1974","11663"
"Crops","Argentina","Yield","Barley","1975","11912"
"Crops","Argentina","Yield","Barley","1976","15963"
"Crops","Argentina","Yield","Barley","1977","11387"
"Crops","Argentina","Yield","Barley","1978","15606"
"Crops","Argentina","Yield","Barley","1979","13780"
"Crops","Argentina","Yield","Barley","1980","12572"
"Crops","Argentina","Yield","Barley","1981","11465"
"Crops","Argentina","Yield","Barley","1982","17780"
"Crops","Argentina","Yield","Barley","1983","17238"
"Crops","Argentina","Yield","Barley","1984","20896"
"Crops","Argentina","Yield","Barley","1985","15588"
"Crops","Argentina","Yield","Barley","1986","18346"
"Crops","Argentina","Yield","Barley","1987","21481"
"Crops","Argentina","Yield","Barley","1988","23627"
"Crops","Argentina","Yield","Barley","1989","22512"
"Crops","Argentina","Yield","Barley","1990","21934"
"Crops","Argentina","Yield","Barley","1991","24557"
"Crops","Argentina","Yield","Barley","1992","25501"
"Crops","Argentina","Yield","Barley","1993","23105"
"Crops","Argentina","Yield","Barley","1994","23093"
"Crops","Argentina","Yield","Barley","1995","17709"
"Crops","Argentina","Yield","Barley","1996","21470"
"Crops","Argentina","Yield","Barley","1997","28662"
"Crops","Argentina","Yield","Barley","1998","25377"
"Crops","Argentina","Yield","Barley","1999","22727"
"Crops","Argentina","Yield","Barley","2000","29153"
"Crops","Argentina","Yield","Barley","2001","21504"
"Crops","Argentina","Yield","Barley","2002","21927"
"Crops","Argentina","Yield","Barley","2003","30072"
"Crops","Argentina","Yield","Barley","2004","32495"
"Crops","Argentina","Yield","Barley","2005","29891"
"Crops","Argentina","Yield","Barley","2006","37574"
"Crops","Argentina","Yield","Barley","2007","35417"
"Crops","Argentina","Yield","Barley","2008","29500"
"Crops","Argentina","Yield","Barley","2009","26974"
"Crops","Argentina","Yield","Barley","2010","39710"
"Crops","Argentina","Yield","Barley","2011","36439"
"Crops","Argentina","Yield","Barley","2012","30440"
"Crops","Argentina","Yield","Barley","2013","39102"
"Crops","Argentina","Yield","Barley","2014","32642"
"Crops","Argentina","Yield","Barley","2015","32642"
"Crops","Argentina","Yield","Barley","2016","39608"
"Crops","Argentina","Yield","Barley","2017","42991"
"Crops","Argentina","Yield","Barley","2018","41827"
"Crops","Argentina","Yield","Beans, green","1961","32647"
"Crops","Argentina","Yield","Beans, green","1962","34425"
"Crops","Argentina","Yield","Beans, green","1963","35181"
"Crops","Argentina","Yield","Beans, green","1964","38936"
"Crops","Argentina","Yield","Beans, green","1965","39301"
"Crops","Argentina","Yield","Beans, green","1966","42601"
"Crops","Argentina","Yield","Beans, green","1967","43556"
"Crops","Argentina","Yield","Beans, green","1968","41712"
"Crops","Argentina","Yield","Beans, green","1969","45293"
"Crops","Argentina","Yield","Beans, green","1970","43649"
"Crops","Argentina","Yield","Beans, green","1971","42667"
"Crops","Argentina","Yield","Beans, green","1972","41667"
"Crops","Argentina","Yield","Beans, green","1973","52075"
"Crops","Argentina","Yield","Beans, green","1974","49000"
"Crops","Argentina","Yield","Beans, green","1975","51455"
"Crops","Argentina","Yield","Beans, green","1976","46667"
"Crops","Argentina","Yield","Beans, green","1977","50980"
"Crops","Argentina","Yield","Beans, green","1978","56452"
"Crops","Argentina","Yield","Beans, green","1979","53333"
"Crops","Argentina","Yield","Beans, green","1980","53968"
"Crops","Argentina","Yield","Beans, green","1981","51724"
"Crops","Argentina","Yield","Beans, green","1982","55882"
"Crops","Argentina","Yield","Beans, green","1983","61181"
"Crops","Argentina","Yield","Beans, green","1984","61856"
"Crops","Argentina","Yield","Beans, green","1985","64762"
"Crops","Argentina","Yield","Beans, green","1986","63043"
"Crops","Argentina","Yield","Beans, green","1987","71946"
"Crops","Argentina","Yield","Beans, green","1988","62222"
"Crops","Argentina","Yield","Beans, green","1989","57778"
"Crops","Argentina","Yield","Beans, green","1990","66519"
"Crops","Argentina","Yield","Beans, green","1991","69095"
"Crops","Argentina","Yield","Beans, green","1992","69565"
"Crops","Argentina","Yield","Beans, green","1993","70213"
"Crops","Argentina","Yield","Beans, green","1994","70833"
"Crops","Argentina","Yield","Beans, green","1995","71429"
"Crops","Argentina","Yield","Beans, green","1996","72000"
"Crops","Argentina","Yield","Beans, green","1997","71669"
"Crops","Argentina","Yield","Beans, green","1998","70722"
"Crops","Argentina","Yield","Beans, green","1999","69091"
"Crops","Argentina","Yield","Beans, green","2000","66667"
"Crops","Argentina","Yield","Beans, green","2001","64513"
"Crops","Argentina","Yield","Beans, green","2002","63077"
"Crops","Argentina","Yield","Beans, green","2003","63511"
"Crops","Argentina","Yield","Beans, green","2004","64419"
"Crops","Argentina","Yield","Beans, green","2005","64785"
"Crops","Argentina","Yield","Beans, green","2006","63846"
"Crops","Argentina","Yield","Beans, green","2007","60000"
"Crops","Argentina","Yield","Beans, green","2008","55207"
"Crops","Argentina","Yield","Beans, green","2009","50405"
"Crops","Argentina","Yield","Beans, green","2010","45386"
"Crops","Argentina","Yield","Beans, green","2011","40220"
"Crops","Argentina","Yield","Beans, green","2012","34286"
"Crops","Argentina","Yield","Beans, green","2013","29679"
"Crops","Argentina","Yield","Beans, green","2014","34728"
"Crops","Argentina","Yield","Beans, green","2015","32897"
"Crops","Argentina","Yield","Beans, green","2016","32435"
"Crops","Argentina","Yield","Beans, green","2017","33353"
"Crops","Argentina","Yield","Beans, green","2018","32895"
"Crops","Argentina","Yield","Maize","1961","17672"
"Crops","Argentina","Yield","Maize","1962","18936"
"Crops","Argentina","Yield","Maize","1963","16481"
"Crops","Argentina","Yield","Maize","1964","18010"
"Crops","Argentina","Yield","Maize","1965","16785"
"Crops","Argentina","Yield","Maize","1966","21499"
"Crops","Argentina","Yield","Maize","1967","24663"
"Crops","Argentina","Yield","Maize","1968","19421"
"Crops","Argentina","Yield","Maize","1969","19291"
"Crops","Argentina","Yield","Maize","1970","23299"
"Crops","Argentina","Yield","Maize","1971","24422"
"Crops","Argentina","Yield","Maize","1972","18620"
"Crops","Argentina","Yield","Maize","1973","27206"
"Crops","Argentina","Yield","Maize","1974","28399"
"Crops","Argentina","Yield","Maize","1975","25081"
"Crops","Argentina","Yield","Maize","1976","21169"
"Crops","Argentina","Yield","Maize","1977","32780"
"Crops","Argentina","Yield","Maize","1978","36466"
"Crops","Argentina","Yield","Maize","1979","31071"
"Crops","Argentina","Yield","Maize","1980","25703"
"Crops","Argentina","Yield","Maize","1981","38008"
"Crops","Argentina","Yield","Maize","1982","30284"
"Crops","Argentina","Yield","Maize","1983","30303"
"Crops","Argentina","Yield","Maize","1984","31407"
"Crops","Argentina","Yield","Maize","1985","35629"
"Crops","Argentina","Yield","Maize","1986","37450"
"Crops","Argentina","Yield","Maize","1987","31897"
"Crops","Argentina","Yield","Maize","1988","37744"
"Crops","Argentina","Yield","Maize","1989","29103"
"Crops","Argentina","Yield","Maize","1990","34608"
"Crops","Argentina","Yield","Maize","1991","40444"
"Crops","Argentina","Yield","Maize","1992","45237"
"Crops","Argentina","Yield","Maize","1993","43552"
"Crops","Argentina","Yield","Maize","1994","42371"
"Crops","Argentina","Yield","Maize","1995","45223"
"Crops","Argentina","Yield","Maize","1996","40397"
"Crops","Argentina","Yield","Maize","1997","45557"
"Crops","Argentina","Yield","Maize","1998","60780"
"Crops","Argentina","Yield","Maize","1999","53702"
"Crops","Argentina","Yield","Maize","2000","54329"
"Crops","Argentina","Yield","Maize","2001","54553"
"Crops","Argentina","Yield","Maize","2002","60791"
"Crops","Argentina","Yield","Maize","2003","64767"
"Crops","Argentina","Yield","Maize","2004","63931"
"Crops","Argentina","Yield","Maize","2005","73587"
"Crops","Argentina","Yield","Maize","2006","59030"
"Crops","Argentina","Yield","Maize","2007","76655"
"Crops","Argentina","Yield","Maize","2008","64525"
"Crops","Argentina","Yield","Maize","2009","55760"
"Crops","Argentina","Yield","Maize","2010","78040"
"Crops","Argentina","Yield","Maize","2011","63503"
"Crops","Argentina","Yield","Maize","2012","57346"
"Crops","Argentina","Yield","Maize","2013","66037"
"Crops","Argentina","Yield","Maize","2014","68409"
"Crops","Argentina","Yield","Maize","2015","73090"
"Crops","Argentina","Yield","Maize","2016","74427"
"Crops","Argentina","Yield","Maize","2017","75759"
"Crops","Argentina","Yield","Maize","2018","60883"
"Crops","Argentina","Yield","Oats","1961","11731"
"Crops","Argentina","Yield","Oats","1962","11831"
"Crops","Argentina","Yield","Oats","1963","13070"
"Crops","Argentina","Yield","Oats","1964","14126"
"Crops","Argentina","Yield","Oats","1965","11415"
"Crops","Argentina","Yield","Oats","1966","13094"
"Crops","Argentina","Yield","Oats","1967","13300"
"Crops","Argentina","Yield","Oats","1968","11056"
"Crops","Argentina","Yield","Oats","1969","12981"
"Crops","Argentina","Yield","Oats","1970","12012"
"Crops","Argentina","Yield","Oats","1971","13305"
"Crops","Argentina","Yield","Oats","1972","14196"
"Crops","Argentina","Yield","Oats","1973","14217"
"Crops","Argentina","Yield","Oats","1974","11588"
"Crops","Argentina","Yield","Oats","1975","12817"
"Crops","Argentina","Yield","Oats","1976","13838"
"Crops","Argentina","Yield","Oats","1977","13256"
"Crops","Argentina","Yield","Oats","1978","13520"
"Crops","Argentina","Yield","Oats","1979","12732"
"Crops","Argentina","Yield","Oats","1980","12386"
"Crops","Argentina","Yield","Oats","1981","11357"
"Crops","Argentina","Yield","Oats","1982","15613"
"Crops","Argentina","Yield","Oats","1983","14463"
"Crops","Argentina","Yield","Oats","1984","16509"
"Crops","Argentina","Yield","Oats","1985","12012"
"Crops","Argentina","Yield","Oats","1986","15865"
"Crops","Argentina","Yield","Oats","1987","15071"
"Crops","Argentina","Yield","Oats","1988","12655"
"Crops","Argentina","Yield","Oats","1989","15016"
"Crops","Argentina","Yield","Oats","1990","15403"
"Crops","Argentina","Yield","Oats","1991","13377"
"Crops","Argentina","Yield","Oats","1992","16143"
"Crops","Argentina","Yield","Oats","1993","14384"
"Crops","Argentina","Yield","Oats","1994","13791"
"Crops","Argentina","Yield","Oats","1995","12177"
"Crops","Argentina","Yield","Oats","1996","12557"
"Crops","Argentina","Yield","Oats","1997","17689"
"Crops","Argentina","Yield","Oats","1998","15955"
"Crops","Argentina","Yield","Oats","1999","16438"
"Crops","Argentina","Yield","Oats","2000","19198"
"Crops","Argentina","Yield","Oats","2001","18336"
"Crops","Argentina","Yield","Oats","2002","16678"
"Crops","Argentina","Yield","Oats","2003","15037"
"Crops","Argentina","Yield","Oats","2004","18403"
"Crops","Argentina","Yield","Oats","2005","15308"
"Crops","Argentina","Yield","Oats","2006","17603"
"Crops","Argentina","Yield","Oats","2007","21067"
"Crops","Argentina","Yield","Oats","2008","13717"
"Crops","Argentina","Yield","Oats","2009","13058"
"Crops","Argentina","Yield","Oats","2010","23200"
"Crops","Argentina","Yield","Oats","2011","21158"
"Crops","Argentina","Yield","Oats","2012","19057"
"Crops","Argentina","Yield","Oats","2013","19673"
"Crops","Argentina","Yield","Oats","2014","23370"
"Crops","Argentina","Yield","Oats","2015","21458"
"Crops","Argentina","Yield","Oats","2016","23094"
"Crops","Argentina","Yield","Oats","2017","24450"
"Crops","Argentina","Yield","Oats","2018","22514"
"Crops","Argentina","Yield","Soybeans","1961","9765"
"Crops","Argentina","Yield","Soybeans","1962","11628"
"Crops","Argentina","Yield","Soybeans","1963","9802"
"Crops","Argentina","Yield","Soybeans","1964","11457"
"Crops","Argentina","Yield","Soybeans","1965","10352"
"Crops","Argentina","Yield","Soybeans","1966","11600"
"Crops","Argentina","Yield","Soybeans","1967","11857"
"Crops","Argentina","Yield","Soybeans","1968","10891"
"Crops","Argentina","Yield","Soybeans","1969","11277"
"Crops","Argentina","Yield","Soybeans","1970","10320"
"Crops","Argentina","Yield","Soybeans","1971","16240"
"Crops","Argentina","Yield","Soybeans","1972","11471"
"Crops","Argentina","Yield","Soybeans","1973","17322"
"Crops","Argentina","Yield","Soybeans","1974","14831"
"Crops","Argentina","Yield","Soybeans","1975","13626"
"Crops","Argentina","Yield","Soybeans","1976","16032"
"Crops","Argentina","Yield","Soybeans","1977","21212"
"Crops","Argentina","Yield","Soybeans","1978","21739"
"Crops","Argentina","Yield","Soybeans","1979","23125"
"Crops","Argentina","Yield","Soybeans","1980","17241"
"Crops","Argentina","Yield","Soybeans","1981","20053"
"Crops","Argentina","Yield","Soybeans","1982","20900"
"Crops","Argentina","Yield","Soybeans","1983","17538"
"Crops","Argentina","Yield","Soybeans","1984","24055"
"Crops","Argentina","Yield","Soybeans","1985","19884"
"Crops","Argentina","Yield","Soybeans","1986","21411"
"Crops","Argentina","Yield","Soybeans","1987","18966"
"Crops","Argentina","Yield","Soybeans","1988","22638"
"Crops","Argentina","Yield","Soybeans","1989","16534"
"Crops","Argentina","Yield","Soybeans","1990","21566"
"Crops","Argentina","Yield","Soybeans","1991","22750"
"Crops","Argentina","Yield","Soybeans","1992","22915"
"Crops","Argentina","Yield","Soybeans","1993","21589"
"Crops","Argentina","Yield","Soybeans","1994","20386"
"Crops","Argentina","Yield","Soybeans","1995","20446"
"Crops","Argentina","Yield","Soybeans","1996","21051"
"Crops","Argentina","Yield","Soybeans","1997","17212"
"Crops","Argentina","Yield","Soybeans","1998","26937"
"Crops","Argentina","Yield","Soybeans","1999","24450"
"Crops","Argentina","Yield","Soybeans","2000","23312"
"Crops","Argentina","Yield","Soybeans","2001","25846"
"Crops","Argentina","Yield","Soybeans","2002","26304"
"Crops","Argentina","Yield","Soybeans","2003","28034"
"Crops","Argentina","Yield","Soybeans","2004","22075"
"Crops","Argentina","Yield","Soybeans","2005","27287"
"Crops","Argentina","Yield","Soybeans","2006","26793"
"Crops","Argentina","Yield","Soybeans","2007","29712"
"Crops","Argentina","Yield","Soybeans","2008","28216"
"Crops","Argentina","Yield","Soybeans","2009","18480"
"Crops","Argentina","Yield","Soybeans","2010","29053"
"Crops","Argentina","Yield","Soybeans","2011","26053"
"Crops","Argentina","Yield","Soybeans","2012","22814"
"Crops","Argentina","Yield","Soybeans","2013","25391"
"Crops","Argentina","Yield","Soybeans","2014","27735"
"Crops","Argentina","Yield","Soybeans","2015","31752"
"Crops","Argentina","Yield","Soybeans","2016","30146"
"Crops","Argentina","Yield","Soybeans","2017","31711"
"Crops","Argentina","Yield","Soybeans","2018","23157"
"Crops","Argentina","Yield","Wheat","1961","12950"
"Crops","Argentina","Yield","Wheat","1962","15222"
"Crops","Argentina","Yield","Wheat","1963","15751"
"Crops","Argentina","Yield","Wheat","1964","18353"
"Crops","Argentina","Yield","Wheat","1965","13212"
"Crops","Argentina","Yield","Wheat","1966","11982"
"Crops","Argentina","Yield","Wheat","1967","12595"
"Crops","Argentina","Yield","Wheat","1968","9833"
"Crops","Argentina","Yield","Wheat","1969","13523"
"Crops","Argentina","Yield","Wheat","1970","13294"
"Crops","Argentina","Yield","Wheat","1971","12667"
"Crops","Argentina","Yield","Wheat","1972","15911"
"Crops","Argentina","Yield","Wheat","1973","16574"
"Crops","Argentina","Yield","Wheat","1974","14103"
"Crops","Argentina","Yield","Wheat","1975","16260"
"Crops","Argentina","Yield","Wheat","1976","17045"
"Crops","Argentina","Yield","Wheat","1977","13612"
"Crops","Argentina","Yield","Wheat","1978","17396"
"Crops","Argentina","Yield","Wheat","1979","16934"
"Crops","Argentina","Yield","Wheat","1980","15596"
"Crops","Argentina","Yield","Wheat","1981","14014"
"Crops","Argentina","Yield","Wheat","1982","20501"
"Crops","Argentina","Yield","Wheat","1983","18405"
"Crops","Argentina","Yield","Wheat","1984","23068"
"Crops","Argentina","Yield","Wheat","1985","16177"
"Crops","Argentina","Yield","Wheat","1986","17819"
"Crops","Argentina","Yield","Wheat","1987","18847"
"Crops","Argentina","Yield","Wheat","1988","18344"
"Crops","Argentina","Yield","Wheat","1989","18947"
"Crops","Argentina","Yield","Wheat","1990","18947"
"Crops","Argentina","Yield","Wheat","1991","18972"
"Crops","Argentina","Yield","Wheat","1992","21809"
"Crops","Argentina","Yield","Wheat","1993","23272"
"Crops","Argentina","Yield","Wheat","1994","20237"
"Crops","Argentina","Yield","Wheat","1995","21675"
"Crops","Argentina","Yield","Wheat","1996","19344"
"Crops","Argentina","Yield","Wheat","1997","22426"
"Crops","Argentina","Yield","Wheat","1998","26088"
"Crops","Argentina","Yield","Wheat","1999","23028"
"Crops","Argentina","Yield","Wheat","2000","24873"
"Crops","Argentina","Yield","Wheat","2001","24934"
"Crops","Argentina","Yield","Wheat","2002","22398"
"Crops","Argentina","Yield","Wheat","2003","20361"
"Crops","Argentina","Yield","Wheat","2004","25441"
"Crops","Argentina","Yield","Wheat","2005","26356"
"Crops","Argentina","Yield","Wheat","2006","25302"
"Crops","Argentina","Yield","Wheat","2007","26234"
"Crops","Argentina","Yield","Wheat","2008","28271"
"Crops","Argentina","Yield","Wheat","2009","19628"
"Crops","Argentina","Yield","Wheat","2010","27113"
"Crops","Argentina","Yield","Wheat","2011","35063"
"Crops","Argentina","Yield","Wheat","2012","32199"
"Crops","Argentina","Yield","Wheat","2013","26581"
"Crops","Argentina","Yield","Wheat","2014","26619"
"Crops","Argentina","Yield","Wheat","2015","28100"
"Crops","Argentina","Yield","Wheat","2016","28623"
"Crops","Argentina","Yield","Wheat","2017","33047"
"Crops","Argentina","Yield","Wheat","2018","31806"
"Crops","Australia","Yield","Barley","1961","9759"
"Crops","Australia","Yield","Barley","1962","10940"
"Crops","Australia","Yield","Barley","1963","12080"
"Crops","Australia","Yield","Barley","1964","13390"
"Crops","Australia","Yield","Barley","1965","10204"
"Crops","Australia","Yield","Barley","1966","13819"
"Crops","Australia","Yield","Barley","1967","7897"
"Crops","Australia","Yield","Barley","1968","12277"
"Crops","Australia","Yield","Barley","1969","11167"
"Crops","Australia","Yield","Barley","1970","11755"
"Crops","Australia","Yield","Barley","1971","12089"
"Crops","Australia","Yield","Barley","1972","8070"
"Crops","Australia","Yield","Barley","1973","12653"
"Crops","Australia","Yield","Barley","1974","13777"
"Crops","Australia","Yield","Barley","1975","13650"
"Crops","Australia","Yield","Barley","1976","12266"
"Crops","Australia","Yield","Barley","1977","8504"
"Crops","Australia","Yield","Barley","1978","14384"
"Crops","Australia","Yield","Barley","1979","14919"
"Crops","Australia","Yield","Barley","1980","10942"
"Crops","Australia","Yield","Barley","1981","12849"
"Crops","Australia","Yield","Barley","1982","7905"
"Crops","Australia","Yield","Barley","1983","15729"
"Crops","Australia","Yield","Barley","1984","15788"
"Crops","Australia","Yield","Barley","1985","14827"
"Crops","Australia","Yield","Barley","1986","15602"
"Crops","Australia","Yield","Barley","1987","14565"
"Crops","Australia","Yield","Barley","1988","14801"
"Crops","Australia","Yield","Barley","1989","17508"
"Crops","Australia","Yield","Barley","1990","16766"
"Crops","Australia","Yield","Barley","1991","17094"
"Crops","Australia","Yield","Barley","1992","18313"
"Crops","Australia","Yield","Barley","1993","19472"
"Crops","Australia","Yield","Barley","1994","11792"
"Crops","Australia","Yield","Barley","1995","18719"
"Crops","Australia","Yield","Barley","1996","19887"
"Crops","Australia","Yield","Barley","1997","18410"
"Crops","Australia","Yield","Barley","1998","18904"
"Crops","Australia","Yield","Barley","1999","19479"
"Crops","Australia","Yield","Barley","2000","19522"
"Crops","Australia","Yield","Barley","2001","19523"
"Crops","Australia","Yield","Barley","2002","22333"
"Crops","Australia","Yield","Barley","2003","10003"
"Crops","Australia","Yield","Barley","2004","23189"
"Crops","Australia","Yield","Barley","2005","16660"
"Crops","Australia","Yield","Barley","2006","21521"
"Crops","Australia","Yield","Barley","2007","10179"
"Crops","Australia","Yield","Barley","2008","14607"
"Crops","Australia","Yield","Barley","2009","15945"
"Crops","Australia","Yield","Barley","2010","17787"
"Crops","Australia","Yield","Barley","2011","21719"
"Crops","Australia","Yield","Barley","2012","22109"
"Crops","Australia","Yield","Barley","2013","20502"
"Crops","Australia","Yield","Barley","2014","24054"
"Crops","Australia","Yield","Barley","2015","21202"
"Crops","Australia","Yield","Barley","2016","21892"
"Crops","Australia","Yield","Barley","2017","27939"
"Crops","Australia","Yield","Barley","2018","22438"
"Crops","Australia","Yield","Beans, green","1961","37468"
"Crops","Australia","Yield","Beans, green","1962","36318"
"Crops","Australia","Yield","Beans, green","1963","31768"
"Crops","Australia","Yield","Beans, green","1964","45578"
"Crops","Australia","Yield","Beans, green","1965","44118"
"Crops","Australia","Yield","Beans, green","1966","51280"
"Crops","Australia","Yield","Beans, green","1967","42306"
"Crops","Australia","Yield","Beans, green","1968","47824"
"Crops","Australia","Yield","Beans, green","1969","49202"
"Crops","Australia","Yield","Beans, green","1970","45226"
"Crops","Australia","Yield","Beans, green","1971","47801"
"Crops","Australia","Yield","Beans, green","1972","47302"
"Crops","Australia","Yield","Beans, green","1973","46808"
"Crops","Australia","Yield","Beans, green","1974","46276"
"Crops","Australia","Yield","Beans, green","1975","52672"
"Crops","Australia","Yield","Beans, green","1976","49588"
"Crops","Australia","Yield","Beans, green","1977","47999"
"Crops","Australia","Yield","Beans, green","1978","55792"
"Crops","Australia","Yield","Beans, green","1979","48600"
"Crops","Australia","Yield","Beans, green","1980","53758"
"Crops","Australia","Yield","Beans, green","1981","48748"
"Crops","Australia","Yield","Beans, green","1982","49600"
"Crops","Australia","Yield","Beans, green","1983","48144"
"Crops","Australia","Yield","Beans, green","1984","49170"
"Crops","Australia","Yield","Beans, green","1985","54303"
"Crops","Australia","Yield","Beans, green","1986","49050"
"Crops","Australia","Yield","Beans, green","1987","54456"
"Crops","Australia","Yield","Beans, green","1988","50908"
"Crops","Australia","Yield","Beans, green","1989","52404"
"Crops","Australia","Yield","Beans, green","1990","46660"
"Crops","Australia","Yield","Beans, green","1991","47943"
"Crops","Australia","Yield","Beans, green","1992","47611"
"Crops","Australia","Yield","Beans, green","1993","47692"
"Crops","Australia","Yield","Beans, green","1994","47619"
"Crops","Australia","Yield","Beans, green","1995","48550"
"Crops","Australia","Yield","Beans, green","1996","45077"
"Crops","Australia","Yield","Beans, green","1997","47612"
"Crops","Australia","Yield","Beans, green","1998","53695"
"Crops","Australia","Yield","Beans, green","1999","51344"
"Crops","Australia","Yield","Beans, green","2000","51878"
"Crops","Australia","Yield","Beans, green","2001","49445"
"Crops","Australia","Yield","Beans, green","2002","51280"
"Crops","Australia","Yield","Beans, green","2003","49814"
"Crops","Australia","Yield","Beans, green","2004","43848"
"Crops","Australia","Yield","Beans, green","2005","56084"
"Crops","Australia","Yield","Beans, green","2006","53006"
"Crops","Australia","Yield","Beans, green","2007","57943"
"Crops","Australia","Yield","Beans, green","2008","54246"
"Crops","Australia","Yield","Beans, green","2009","52922"
"Crops","Australia","Yield","Beans, green","2010","52911"
"Crops","Australia","Yield","Beans, green","2011","50563"
"Crops","Australia","Yield","Beans, green","2012","50000"
"Crops","Australia","Yield","Beans, green","2013","61896"
"Crops","Australia","Yield","Beans, green","2014","49263"
"Crops","Australia","Yield","Beans, green","2015","54823"
"Crops","Australia","Yield","Beans, green","2016","52393"
"Crops","Australia","Yield","Beans, green","2017","54004"
"Crops","Australia","Yield","Beans, green","2018","64003"
"Crops","Australia","Yield","Maize","1961","21213"
"Crops","Australia","Yield","Maize","1962","21785"
"Crops","Australia","Yield","Maize","1963","22343"
"Crops","Australia","Yield","Maize","1964","19646"
"Crops","Australia","Yield","Maize","1965","20336"
"Crops","Australia","Yield","Maize","1966","15694"
"Crops","Australia","Yield","Maize","1967","23347"
"Crops","Australia","Yield","Maize","1968","22338"
"Crops","Australia","Yield","Maize","1969","22401"
"Crops","Australia","Yield","Maize","1970","24069"
"Crops","Australia","Yield","Maize","1971","24756"
"Crops","Australia","Yield","Maize","1972","27359"
"Crops","Australia","Yield","Maize","1973","23423"
"Crops","Australia","Yield","Maize","1974","23199"
"Crops","Australia","Yield","Maize","1975","25936"
"Crops","Australia","Yield","Maize","1976","28113"
"Crops","Australia","Yield","Maize","1977","27192"
"Crops","Australia","Yield","Maize","1978","28683"
"Crops","Australia","Yield","Maize","1979","33760"
"Crops","Australia","Yield","Maize","1980","27912"
"Crops","Australia","Yield","Maize","1981","30584"
"Crops","Australia","Yield","Maize","1982","34819"
"Crops","Australia","Yield","Maize","1983","21653"
"Crops","Australia","Yield","Maize","1984","34806"
"Crops","Australia","Yield","Maize","1985","28329"
"Crops","Australia","Yield","Maize","1986","32976"
"Crops","Australia","Yield","Maize","1987","35798"
"Crops","Australia","Yield","Maize","1988","37482"
"Crops","Australia","Yield","Maize","1989","41909"
"Crops","Australia","Yield","Maize","1990","41821"
"Crops","Australia","Yield","Maize","1991","39938"
"Crops","Australia","Yield","Maize","1992","51721"
"Crops","Australia","Yield","Maize","1993","44261"
"Crops","Australia","Yield","Maize","1994","46620"
"Crops","Australia","Yield","Maize","1995","48263"
"Crops","Australia","Yield","Maize","1996","57689"
"Crops","Australia","Yield","Maize","1997","59403"
"Crops","Australia","Yield","Maize","1998","47544"
"Crops","Australia","Yield","Maize","1999","51212"
"Crops","Australia","Yield","Maize","2000","49360"
"Crops","Australia","Yield","Maize","2001","46471"
"Crops","Australia","Yield","Maize","2002","54929"
"Crops","Australia","Yield","Maize","2003","62570"
"Crops","Australia","Yield","Maize","2004","56326"
"Crops","Australia","Yield","Maize","2005","57983"
"Crops","Australia","Yield","Maize","2006","53856"
"Crops","Australia","Yield","Maize","2007","49103"
"Crops","Australia","Yield","Maize","2008","56912"
"Crops","Australia","Yield","Maize","2009","58171"
"Crops","Australia","Yield","Maize","2010","55593"
"Crops","Australia","Yield","Maize","2011","57390"
"Crops","Australia","Yield","Maize","2012","64654"
"Crops","Australia","Yield","Maize","2013","64441"
"Crops","Australia","Yield","Maize","2014","74554"
"Crops","Australia","Yield","Maize","2015","83001"
"Crops","Australia","Yield","Maize","2016","75080"
"Crops","Australia","Yield","Maize","2017","64363"
"Crops","Australia","Yield","Maize","2018","73365"
"Crops","Australia","Yield","Oats","1961","7982"
"Crops","Australia","Yield","Oats","1962","9371"
"Crops","Australia","Yield","Oats","1963","9019"
"Crops","Australia","Yield","Oats","1964","8980"
"Crops","Australia","Yield","Oats","1965","7228"
"Crops","Australia","Yield","Oats","1966","11277"
"Crops","Australia","Yield","Oats","1967","5257"
"Crops","Australia","Yield","Oats","1968","10914"
"Crops","Australia","Yield","Oats","1969","9070"
"Crops","Australia","Yield","Oats","1970","10385"
"Crops","Australia","Yield","Oats","1971","10277"
"Crops","Australia","Yield","Oats","1972","7397"
"Crops","Australia","Yield","Oats","1973","9364"
"Crops","Australia","Yield","Oats","1974","9749"
"Crops","Australia","Yield","Oats","1975","11549"
"Crops","Australia","Yield","Oats","1976","10768"
"Crops","Australia","Yield","Oats","1977","9205"
"Crops","Australia","Yield","Oats","1978","12974"
"Crops","Australia","Yield","Oats","1979","12564"
"Crops","Australia","Yield","Oats","1980","10327"
"Crops","Australia","Yield","Oats","1981","11651"
"Crops","Australia","Yield","Oats","1982","6997"
"Crops","Australia","Yield","Oats","1983","12957"
"Crops","Australia","Yield","Oats","1984","13136"
"Crops","Australia","Yield","Oats","1985","12445"
"Crops","Australia","Yield","Oats","1986","13849"
"Crops","Australia","Yield","Oats","1987","13310"
"Crops","Australia","Yield","Oats","1988","14037"
"Crops","Australia","Yield","Oats","1989","15067"
"Crops","Australia","Yield","Oats","1990","14659"
"Crops","Australia","Yield","Oats","1991","14567"
"Crops","Australia","Yield","Oats","1992","16853"
"Crops","Australia","Yield","Oats","1993","17392"
"Crops","Australia","Yield","Oats","1994","10301"
"Crops","Australia","Yield","Oats","1995","16505"
"Crops","Australia","Yield","Oats","1996","15713"
"Crops","Australia","Yield","Oats","1997","17439"
"Crops","Australia","Yield","Oats","1998","19780"
"Crops","Australia","Yield","Oats","1999","19144"
"Crops","Australia","Yield","Oats","2000","16154"
"Crops","Australia","Yield","Oats","2001","16139"
"Crops","Australia","Yield","Oats","2002","18284"
"Crops","Australia","Yield","Oats","2003","10501"
"Crops","Australia","Yield","Oats","2004","18527"
"Crops","Australia","Yield","Oats","2005","14352"
"Crops","Australia","Yield","Oats","2006","18145"
"Crops","Australia","Yield","Oats","2007","7463"
"Crops","Australia","Yield","Oats","2008","12137"
"Crops","Australia","Yield","Oats","2009","13329"
"Crops","Australia","Yield","Oats","2010","13665"
"Crops","Australia","Yield","Oats","2011","13652"
"Crops","Australia","Yield","Oats","2012","17261"
"Crops","Australia","Yield","Oats","2013","15388"
"Crops","Australia","Yield","Oats","2014","17555"
"Crops","Australia","Yield","Oats","2015","14021"
"Crops","Australia","Yield","Oats","2016","15821"
"Crops","Australia","Yield","Oats","2017","22041"
"Crops","Australia","Yield","Oats","2018","14046"
"Crops","Australia","Yield","Soybeans","1961","6667"
"Crops","Australia","Yield","Soybeans","1962","7738"
"Crops","Australia","Yield","Soybeans","1963","5978"
"Crops","Australia","Yield","Soybeans","1964","4471"
"Crops","Australia","Yield","Soybeans","1965","6053"
"Crops","Australia","Yield","Soybeans","1966","3858"
"Crops","Australia","Yield","Soybeans","1967","6635"
"Crops","Australia","Yield","Soybeans","1968","5479"
"Crops","Australia","Yield","Soybeans","1969","8313"
"Crops","Australia","Yield","Soybeans","1970","10123"
"Crops","Australia","Yield","Soybeans","1971","12568"
"Crops","Australia","Yield","Soybeans","1972","18663"
"Crops","Australia","Yield","Soybeans","1973","13567"
"Crops","Australia","Yield","Soybeans","1974","15310"
"Crops","Australia","Yield","Soybeans","1975","16059"
"Crops","Australia","Yield","Soybeans","1976","16948"
"Crops","Australia","Yield","Soybeans","1977","15971"
"Crops","Australia","Yield","Soybeans","1978","15331"
"Crops","Australia","Yield","Soybeans","1979","18399"
"Crops","Australia","Yield","Soybeans","1980","14499"
"Crops","Australia","Yield","Soybeans","1981","18480"
"Crops","Australia","Yield","Soybeans","1982","19019"
"Crops","Australia","Yield","Soybeans","1983","11022"
"Crops","Australia","Yield","Soybeans","1984","18435"
"Crops","Australia","Yield","Soybeans","1985","17418"
"Crops","Australia","Yield","Soybeans","1986","14822"
"Crops","Australia","Yield","Soybeans","1987","16499"
"Crops","Australia","Yield","Soybeans","1988","15868"
"Crops","Australia","Yield","Soybeans","1989","18315"
"Crops","Australia","Yield","Soybeans","1990","15718"
"Crops","Australia","Yield","Soybeans","1991","15551"
"Crops","Australia","Yield","Soybeans","1992","21141"
"Crops","Australia","Yield","Soybeans","1993","16168"
"Crops","Australia","Yield","Soybeans","1994","19999"
"Crops","Australia","Yield","Soybeans","1995","15318"
"Crops","Australia","Yield","Soybeans","1996","18740"
"Crops","Australia","Yield","Soybeans","1997","18974"
"Crops","Australia","Yield","Soybeans","1998","17035"
"Crops","Australia","Yield","Soybeans","1999","22667"
"Crops","Australia","Yield","Soybeans","2000","18714"
"Crops","Australia","Yield","Soybeans","2001","14626"
"Crops","Australia","Yield","Soybeans","2002","19487"
"Crops","Australia","Yield","Soybeans","2003","14760"
"Crops","Australia","Yield","Soybeans","2004","22136"
"Crops","Australia","Yield","Soybeans","2005","16810"
"Crops","Australia","Yield","Soybeans","2006","20993"
"Crops","Australia","Yield","Soybeans","2007","19730"
"Crops","Australia","Yield","Soybeans","2008","23289"
"Crops","Australia","Yield","Soybeans","2009","18926"
"Crops","Australia","Yield","Soybeans","2010","19042"
"Crops","Australia","Yield","Soybeans","2011","17136"
"Crops","Australia","Yield","Soybeans","2012","22598"
"Crops","Australia","Yield","Soybeans","2013","22336"
"Crops","Australia","Yield","Soybeans","2014","21622"
"Crops","Australia","Yield","Soybeans","2015","18500"
"Crops","Australia","Yield","Soybeans","2016","19048"
"Crops","Australia","Yield","Soybeans","2017","18235"
"Crops","Australia","Yield","Soybeans","2018","17027"
"Crops","Australia","Yield","Wheat","1961","11291"
"Crops","Australia","Yield","Wheat","1962","12533"
"Crops","Australia","Yield","Wheat","1963","13387"
"Crops","Australia","Yield","Wheat","1964","13841"
"Crops","Australia","Yield","Wheat","1965","9970"
"Crops","Australia","Yield","Wheat","1966","15070"
"Crops","Australia","Yield","Wheat","1967","8310"
"Crops","Australia","Yield","Wheat","1968","13650"
"Crops","Australia","Yield","Wheat","1969","11118"
"Crops","Australia","Yield","Wheat","1970","12179"
"Crops","Australia","Yield","Wheat","1971","12057"
"Crops","Australia","Yield","Wheat","1972","8666"
"Crops","Australia","Yield","Wheat","1973","13396"
"Crops","Australia","Yield","Wheat","1974","13671"
"Crops","Australia","Yield","Wheat","1975","14006"
"Crops","Australia","Yield","Wheat","1976","13175"
"Crops","Australia","Yield","Wheat","1977","9413"
"Crops","Australia","Yield","Wheat","1978","17651"
"Crops","Australia","Yield","Wheat","1979","14515"
"Crops","Australia","Yield","Wheat","1980","9622"
"Crops","Australia","Yield","Wheat","1981","13765"
"Crops","Australia","Yield","Wheat","1982","7705"
"Crops","Australia","Yield","Wheat","1983","17026"
"Crops","Australia","Yield","Wheat","1984","15455"
"Crops","Australia","Yield","Wheat","1985","13695"
"Crops","Australia","Yield","Wheat","1986","14476"
"Crops","Australia","Yield","Wheat","1987","13645"
"Crops","Australia","Yield","Wheat","1988","15787"
"Crops","Australia","Yield","Wheat","1989","15787"
"Crops","Australia","Yield","Wheat","1990","16344"
"Crops","Australia","Yield","Wheat","1991","14698"
"Crops","Australia","Yield","Wheat","1992","17812"
"Crops","Australia","Yield","Wheat","1993","19658"
"Crops","Australia","Yield","Wheat","1994","11356"
"Crops","Australia","Yield","Wheat","1995","17899"
"Crops","Australia","Yield","Wheat","1996","21673"
"Crops","Australia","Yield","Wheat","1997","18412"
"Crops","Australia","Yield","Wheat","1998","19153"
"Crops","Australia","Yield","Wheat","1999","20066"
"Crops","Australia","Yield","Wheat","2000","18209"
"Crops","Australia","Yield","Wheat","2001","18209"
"Crops","Australia","Yield","Wheat","2002","21076"
"Crops","Australia","Yield","Wheat","2003","9070"
"Crops","Australia","Yield","Wheat","2004","19998"
"Crops","Australia","Yield","Wheat","2005","16348"
"Crops","Australia","Yield","Wheat","2006","20213"
"Crops","Australia","Yield","Wheat","2007","9173"
"Crops","Australia","Yield","Wheat","2008","10788"
"Crops","Australia","Yield","Wheat","2009","15831"
"Crops","Australia","Yield","Wheat","2010","15729"
"Crops","Australia","Yield","Wheat","2011","20301"
"Crops","Australia","Yield","Wheat","2012","21511"
"Crops","Australia","Yield","Wheat","2013","17609"
"Crops","Australia","Yield","Wheat","2014","20061"
"Crops","Australia","Yield","Wheat","2015","19172"
"Crops","Australia","Yield","Wheat","2016","19743"
"Crops","Australia","Yield","Wheat","2017","26100"
"Crops","Australia","Yield","Wheat","2018","19178"
"Crops","Russian Federation","Yield","Barley","1992","18537"
"Crops","Russian Federation","Yield","Barley","1993","17342"
"Crops","Russian Federation","Yield","Barley","1994","16493"
"Crops","Russian Federation","Yield","Barley","1995","10732"
"Crops","Russian Federation","Yield","Barley","1996","13513"
"Crops","Russian Federation","Yield","Barley","1997","17531"
"Crops","Russian Federation","Yield","Barley","1998","13804"
"Crops","Russian Federation","Yield","Barley","1999","14250"
"Crops","Russian Federation","Yield","Barley","2000","16601"
"Crops","Russian Federation","Yield","Barley","2001","20052"
"Crops","Russian Federation","Yield","Barley","2002","19657"
"Crops","Russian Federation","Yield","Barley","2003","19427"
"Crops","Russian Federation","Yield","Barley","2004","17870"
"Crops","Russian Federation","Yield","Barley","2005","18000"
"Crops","Russian Federation","Yield","Barley","2006","18811"
"Crops","Russian Federation","Yield","Barley","2007","18590"
"Crops","Russian Federation","Yield","Barley","2008","24572"
"Crops","Russian Federation","Yield","Barley","2009","23156"
"Crops","Russian Federation","Yield","Barley","2010","16904"
"Crops","Russian Federation","Yield","Barley","2011","22028"
"Crops","Russian Federation","Yield","Barley","2012","18259"
"Crops","Russian Federation","Yield","Barley","2013","19209"
"Crops","Russian Federation","Yield","Barley","2014","22710"
"Crops","Russian Federation","Yield","Barley","2015","21315"
"Crops","Russian Federation","Yield","Barley","2016","22090"
"Crops","Russian Federation","Yield","Barley","2017","26286"
"Crops","Russian Federation","Yield","Barley","2018","21580"
"Crops","Russian Federation","Yield","Maize","1992","26843"
"Crops","Russian Federation","Yield","Maize","1993","31022"
"Crops","Russian Federation","Yield","Maize","1994","17019"
"Crops","Russian Federation","Yield","Maize","1995","27612"
"Crops","Russian Federation","Yield","Maize","1996","23349"
"Crops","Russian Federation","Yield","Maize","1997","31366"
"Crops","Russian Federation","Yield","Maize","1998","15951"
"Crops","Russian Federation","Yield","Maize","1999","19055"
"Crops","Russian Federation","Yield","Maize","2000","20660"
"Crops","Russian Federation","Yield","Maize","2001","17299"
"Crops","Russian Federation","Yield","Maize","2002","27422"
"Crops","Russian Federation","Yield","Maize","2003","30813"
"Crops","Russian Federation","Yield","Maize","2004","38752"
"Crops","Russian Federation","Yield","Maize","2005","38500"
"Crops","Russian Federation","Yield","Maize","2006","36152"
"Crops","Russian Federation","Yield","Maize","2007","29300"
"Crops","Russian Federation","Yield","Maize","2008","38588"
"Crops","Russian Federation","Yield","Maize","2009","35319"
"Crops","Russian Federation","Yield","Maize","2010","30086"
"Crops","Russian Federation","Yield","Maize","2011","43444"
"Crops","Russian Federation","Yield","Maize","2012","42388"
"Crops","Russian Federation","Yield","Maize","2013","50110"
"Crops","Russian Federation","Yield","Maize","2014","43593"
"Crops","Russian Federation","Yield","Maize","2015","49337"
"Crops","Russian Federation","Yield","Maize","2016","55029"
"Crops","Russian Federation","Yield","Maize","2017","48875"
"Crops","Russian Federation","Yield","Maize","2018","48067"
"Crops","Russian Federation","Yield","Oats","1992","13248"
"Crops","Russian Federation","Yield","Oats","1993","13754"
"Crops","Russian Federation","Yield","Oats","1994","12909"
"Crops","Russian Federation","Yield","Oats","1995","12165"
"Crops","Russian Federation","Yield","Oats","1996","13865"
"Crops","Russian Federation","Yield","Oats","1997","16078"
"Crops","Russian Federation","Yield","Oats","1998","11764"
"Crops","Russian Federation","Yield","Oats","1999","11255"
"Crops","Russian Federation","Yield","Oats","2000","14729"
"Crops","Russian Federation","Yield","Oats","2001","17074"
"Crops","Russian Federation","Yield","Oats","2002","15554"
"Crops","Russian Federation","Yield","Oats","2003","16741"
"Crops","Russian Federation","Yield","Oats","2004","15025"
"Crops","Russian Federation","Yield","Oats","2005","14292"
"Crops","Russian Federation","Yield","Oats","2006","14650"
"Crops","Russian Federation","Yield","Oats","2007","16258"
"Crops","Russian Federation","Yield","Oats","2008","17114"
"Crops","Russian Federation","Yield","Oats","2009","17881"
"Crops","Russian Federation","Yield","Oats","2010","14453"
"Crops","Russian Federation","Yield","Oats","2011","18153"
"Crops","Russian Federation","Yield","Oats","2012","14120"
"Crops","Russian Federation","Yield","Oats","2013","16451"
"Crops","Russian Federation","Yield","Oats","2014","17063"
"Crops","Russian Federation","Yield","Oats","2015","16027"
"Crops","Russian Federation","Yield","Oats","2016","17360"
"Crops","Russian Federation","Yield","Oats","2017","19639"
"Crops","Russian Federation","Yield","Oats","2018","17292"
"Crops","Russian Federation","Yield","Soybeans","1992","7831"
"Crops","Russian Federation","Yield","Soybeans","1993","7948"
"Crops","Russian Federation","Yield","Soybeans","1994","7267"
"Crops","Russian Federation","Yield","Soybeans","1995","5959"
"Crops","Russian Federation","Yield","Soybeans","1996","5831"
"Crops","Russian Federation","Yield","Soybeans","1997","8794"
"Crops","Russian Federation","Yield","Soybeans","1998","7817"
"Crops","Russian Federation","Yield","Soybeans","1999","8267"
"Crops","Russian Federation","Yield","Soybeans","2000","10133"
"Crops","Russian Federation","Yield","Soybeans","2001","9401"
"Crops","Russian Federation","Yield","Soybeans","2002","11659"
"Crops","Russian Federation","Yield","Soybeans","2003","9824"
"Crops","Russian Federation","Yield","Soybeans","2004","9981"
"Crops","Russian Federation","Yield","Soybeans","2005","10461"
"Crops","Russian Federation","Yield","Soybeans","2006","9931"
"Crops","Russian Federation","Yield","Soybeans","2007","9159"
"Crops","Russian Federation","Yield","Soybeans","2008","10471"
"Crops","Russian Federation","Yield","Soybeans","2009","11881"
"Crops","Russian Federation","Yield","Soybeans","2010","11796"
"Crops","Russian Federation","Yield","Soybeans","2011","13820"
"Crops","Russian Federation","Yield","Soybeans","2012","12239"
"Crops","Russian Federation","Yield","Soybeans","2013","12642"
"Crops","Russian Federation","Yield","Soybeans","2014","12337"
"Crops","Russian Federation","Yield","Soybeans","2015","12992"
"Crops","Russian Federation","Yield","Soybeans","2016","14824"
"Crops","Russian Federation","Yield","Soybeans","2017","14074"
"Crops","Russian Federation","Yield","Soybeans","2018","14692"
"Crops","Russian Federation","Yield","Wheat","1992","19030"
"Crops","Russian Federation","Yield","Wheat","1993","17655"
"Crops","Russian Federation","Yield","Wheat","1994","14498"
"Crops","Russian Federation","Yield","Wheat","1995","13946"
"Crops","Russian Federation","Yield","Wheat","1996","15449"
"Crops","Russian Federation","Yield","Wheat","1997","18417"
"Crops","Russian Federation","Yield","Wheat","1998","13594"
"Crops","Russian Federation","Yield","Wheat","1999","15691"
"Crops","Russian Federation","Yield","Wheat","2000","16144"
"Crops","Russian Federation","Yield","Wheat","2001","20583"
"Crops","Russian Federation","Yield","Wheat","2002","20681"
"Crops","Russian Federation","Yield","Wheat","2003","17030"
"Crops","Russian Federation","Yield","Wheat","2004","19823"
"Crops","Russian Federation","Yield","Wheat","2005","19291"
"Crops","Russian Federation","Yield","Wheat","2006","19492"
"Crops","Russian Federation","Yield","Wheat","2007","21007"
"Crops","Russian Federation","Yield","Wheat","2008","24459"
"Crops","Russian Federation","Yield","Wheat","2009","23182"
"Crops","Russian Federation","Yield","Wheat","2010","19181"
"Crops","Russian Federation","Yield","Wheat","2011","22645"
"Crops","Russian Federation","Yield","Wheat","2012","17727"
"Crops","Russian Federation","Yield","Wheat","2013","22288"
"Crops","Russian Federation","Yield","Wheat","2014","24976"
"Crops","Russian Federation","Yield","Wheat","2015","23883"
"Crops","Russian Federation","Yield","Wheat","2016","26854"
"Crops","Russian Federation","Yield","Wheat","2017","31254"
"Crops","Russian Federation","Yield","Wheat","2018","27250"
"Crops","United States of America","Yield","Barley","1961","16489"
"Crops","United States of America","Yield","Barley","1962","18839"
"Crops","United States of America","Yield","Barley","1963","18808"
"Crops","United States of America","Yield","Barley","1964","20209"
"Crops","United States of America","Yield","Barley","1965","23071"
"Crops","United States of America","Yield","Barley","1966","20582"
"Crops","United States of America","Yield","Barley","1967","21785"
"Crops","United States of America","Yield","Barley","1968","23557"
"Crops","United States of America","Yield","Barley","1969","24039"
"Crops","United States of America","Yield","Barley","1970","23049"
"Crops","United States of America","Yield","Barley","1971","24617"
"Crops","United States of America","Yield","Barley","1972","23517"
"Crops","United States of America","Yield","Barley","1973","21808"
"Crops","United States of America","Yield","Barley","1974","20263"
"Crops","United States of America","Yield","Barley","1975","23673"
"Crops","United States of America","Yield","Barley","1976","24418"
"Crops","United States of America","Yield","Barley","1977","23659"
"Crops","United States of America","Yield","Barley","1978","26456"
"Crops","United States of America","Yield","Barley","1979","27390"
"Crops","United States of America","Yield","Barley","1980","26762"
"Crops","United States of America","Yield","Barley","1981","28187"
"Crops","United States of America","Yield","Barley","1982","30797"
"Crops","United States of America","Yield","Barley","1983","28101"
"Crops","United States of America","Yield","Barley","1984","28678"
"Crops","United States of America","Yield","Barley","1985","27393"
"Crops","United States of America","Yield","Barley","1986","27340"
"Crops","United States of America","Yield","Barley","1987","28178"
"Crops","United States of America","Yield","Barley","1988","20434"
"Crops","United States of America","Yield","Barley","1989","26159"
"Crops","United States of America","Yield","Barley","1990","30167"
"Crops","United States of America","Yield","Barley","1991","29693"
"Crops","United States of America","Yield","Barley","1992","33609"
"Crops","United States of America","Yield","Barley","1993","31711"
"Crops","United States of America","Yield","Barley","1994","30250"
"Crops","United States of America","Yield","Barley","1995","30792"
"Crops","United States of America","Yield","Barley","1996","31479"
"Crops","United States of America","Yield","Barley","1997","31238"
"Crops","United States of America","Yield","Barley","1998","32310"
"Crops","United States of America","Yield","Barley","1999","32000"
"Crops","United States of America","Yield","Barley","2000","32881"
"Crops","United States of America","Yield","Barley","2001","31267"
"Crops","United States of America","Yield","Barley","2002","29609"
"Crops","United States of America","Yield","Barley","2003","31673"
"Crops","United States of America","Yield","Barley","2004","37429"
"Crops","United States of America","Yield","Barley","2005","34873"
"Crops","United States of America","Yield","Barley","2006","32846"
"Crops","United States of America","Yield","Barley","2007","32279"
"Crops","United States of America","Yield","Barley","2008","34072"
"Crops","United States of America","Yield","Barley","2009","39150"
"Crops","United States of America","Yield","Barley","2010","39339"
"Crops","United States of America","Yield","Barley","2011","37160"
"Crops","United States of America","Yield","Barley","2012","35986"
"Crops","United States of America","Yield","Barley","2013","38358"
"Crops","United States of America","Yield","Barley","2014","39115"
"Crops","United States of America","Yield","Barley","2015","37083"
"Crops","United States of America","Yield","Barley","2016","41931"
"Crops","United States of America","Yield","Barley","2017","39283"
"Crops","United States of America","Yield","Barley","2018","41637"
"Crops","United States of America","Yield","Beans, green","1961","48340"
"Crops","United States of America","Yield","Beans, green","1962","49198"
"Crops","United States of America","Yield","Beans, green","1963","48797"
"Crops","United States of America","Yield","Beans, green","1964","40138"
"Crops","United States of America","Yield","Beans, green","1965","48648"
"Crops","United States of America","Yield","Beans, green","1966","46192"
"Crops","United States of America","Yield","Beans, green","1967","50913"
"Crops","United States of America","Yield","Beans, green","1968","47389"
"Crops","United States of America","Yield","Beans, green","1969","50495"
"Crops","United States of America","Yield","Beans, green","1970","47265"
"Crops","United States of America","Yield","Beans, green","1971","48023"
"Crops","United States of America","Yield","Beans, green","1972","51432"
"Crops","United States of America","Yield","Beans, green","1973","53449"
"Crops","United States of America","Yield","Beans, green","1974","51235"
"Crops","United States of America","Yield","Beans, green","1975","52805"
"Crops","United States of America","Yield","Beans, green","1976","47185"
"Crops","United States of America","Yield","Beans, green","1977","52040"
"Crops","United States of America","Yield","Beans, green","1978","54380"
"Crops","United States of America","Yield","Beans, green","1979","61156"
"Crops","United States of America","Yield","Beans, green","1980","54053"
"Crops","United States of America","Yield","Beans, green","1981","58285"
"Crops","United States of America","Yield","Beans, green","1982","58128"
"Crops","United States of America","Yield","Beans, green","1983","55072"
"Crops","United States of America","Yield","Beans, green","1984","57895"
"Crops","United States of America","Yield","Beans, green","1985","58000"
"Crops","United States of America","Yield","Beans, green","1986","58095"
"Crops","United States of America","Yield","Beans, green","1987","58000"
"Crops","United States of America","Yield","Beans, green","1988","58919"
"Crops","United States of America","Yield","Beans, green","1989","60947"
"Crops","United States of America","Yield","Beans, green","1990","63448"
"Crops","United States of America","Yield","Beans, green","1991","61073"
"Crops","United States of America","Yield","Beans, green","1992","57314"
"Crops","United States of America","Yield","Beans, green","1993","56995"
"Crops","United States of America","Yield","Beans, green","1994","61076"
"Crops","United States of America","Yield","Beans, green","1995","61323"
"Crops","United States of America","Yield","Beans, green","1996","66231"
"Crops","United States of America","Yield","Beans, green","1997","65946"
"Crops","United States of America","Yield","Beans, green","1998","65155"
"Crops","United States of America","Yield","Beans, green","1999","56311"
"Crops","United States of America","Yield","Beans, green","2000","53643"
"Crops","United States of America","Yield","Beans, green","2001","59423"
"Crops","United States of America","Yield","Beans, green","2002","57173"
"Crops","United States of America","Yield","Beans, green","2003","58921"
"Crops","United States of America","Yield","Beans, green","2004","57696"
"Crops","United States of America","Yield","Beans, green","2005","61172"
"Crops","United States of America","Yield","Beans, green","2006","55454"
"Crops","United States of America","Yield","Beans, green","2007","30258"
"Crops","United States of America","Yield","Beans, green","2008","28786"
"Crops","United States of America","Yield","Beans, green","2009","30989"
"Crops","United States of America","Yield","Beans, green","2010","32877"
"Crops","United States of America","Yield","Beans, green","2011","31766"
"Crops","United States of America","Yield","Beans, green","2012","41585"
"Crops","United States of America","Yield","Beans, green","2013","37669"
"Crops","United States of America","Yield","Beans, green","2014","40712"
"Crops","United States of America","Yield","Beans, green","2015","47282"
"Crops","United States of America","Yield","Beans, green","2016","33480"
"Crops","United States of America","Yield","Beans, green","2017","31221"
"Crops","United States of America","Yield","Beans, green","2018","32175"
"Crops","United States of America","Yield","Maize","1961","39184"
"Crops","United States of America","Yield","Maize","1962","40621"
"Crops","United States of America","Yield","Maize","1963","42596"
"Crops","United States of America","Yield","Maize","1964","39498"
"Crops","United States of America","Yield","Maize","1965","46492"
"Crops","United States of America","Yield","Maize","1966","45892"
"Crops","United States of America","Yield","Maize","1967","50265"
"Crops","United States of America","Yield","Maize","1968","49891"
"Crops","United States of America","Yield","Maize","1969","53908"
"Crops","United States of America","Yield","Maize","1970","45439"
"Crops","United States of America","Yield","Maize","1971","55270"
"Crops","United States of America","Yield","Maize","1972","60897"
"Crops","United States of America","Yield","Maize","1973","57278"
"Crops","United States of America","Yield","Maize","1974","45119"
"Crops","United States of America","Yield","Maize","1975","54213"
"Crops","United States of America","Yield","Maize","1976","55206"
"Crops","United States of America","Yield","Maize","1977","57015"
"Crops","United States of America","Yield","Maize","1978","63421"
"Crops","United States of America","Yield","Maize","1979","68734"
"Crops","United States of America","Yield","Maize","1980","57118"
"Crops","United States of America","Yield","Maize","1981","68380"
"Crops","United States of America","Yield","Maize","1982","71082"
"Crops","United States of America","Yield","Maize","1983","50893"
"Crops","United States of America","Yield","Maize","1984","66981"
"Crops","United States of America","Yield","Maize","1985","74074"
"Crops","United States of America","Yield","Maize","1986","74930"
"Crops","United States of America","Yield","Maize","1987","75225"
"Crops","United States of America","Yield","Maize","1988","53109"
"Crops","United States of America","Yield","Maize","1989","72978"
"Crops","United States of America","Yield","Maize","1990","74380"
"Crops","United States of America","Yield","Maize","1991","68171"
"Crops","United States of America","Yield","Maize","1992","82526"
"Crops","United States of America","Yield","Maize","1993","63210"
"Crops","United States of America","Yield","Maize","1994","86996"
"Crops","United States of America","Yield","Maize","1995","71228"
"Crops","United States of America","Yield","Maize","1996","79773"
"Crops","United States of America","Yield","Maize","1997","79521"
"Crops","United States of America","Yield","Maize","1998","84382"
"Crops","United States of America","Yield","Maize","1999","83977"
"Crops","United States of America","Yield","Maize","2000","85911"
"Crops","United States of America","Yield","Maize","2001","86733"
"Crops","United States of America","Yield","Maize","2002","81180"
"Crops","United States of America","Yield","Maize","2003","89246"
"Crops","United States of America","Yield","Maize","2004","100637"
"Crops","United States of America","Yield","Maize","2005","92852"
"Crops","United States of America","Yield","Maize","2006","93577"
"Crops","United States of America","Yield","Maize","2007","94585"
"Crops","United States of America","Yield","Maize","2008","96209"
"Crops","United States of America","Yield","Maize","2009","103181"
"Crops","United States of America","Yield","Maize","2010","95757"
"Crops","United States of America","Yield","Maize","2011","92146"
"Crops","United States of America","Yield","Maize","2012","77270"
"Crops","United States of America","Yield","Maize","2013","99256"
"Crops","United States of America","Yield","Maize","2014","107326"
"Crops","United States of America","Yield","Maize","2015","105723"
"Crops","United States of America","Yield","Maize","2016","117433"
"Crops","United States of America","Yield","Maize","2017","118754"
"Crops","United States of America","Yield","Maize","2018","118639"
"Crops","United States of America","Yield","Oats","1961","15171"
"Crops","United States of America","Yield","Oats","1962","16225"
"Crops","United States of America","Yield","Oats","1963","16253"
"Crops","United States of America","Yield","Oats","1964","15472"
"Crops","United States of America","Yield","Oats","1965","18001"
"Crops","United States of America","Yield","Oats","1966","16118"
"Crops","United States of America","Yield","Oats","1967","17674"
"Crops","United States of America","Yield","Oats","1968","19256"
"Crops","United States of America","Yield","Oats","1969","19277"
"Crops","United States of America","Yield","Oats","1970","17655"
"Crops","United States of America","Yield","Oats","1971","20054"
"Crops","United States of America","Yield","Oats","1972","18472"
"Crops","United States of America","Yield","Oats","1973","17169"
"Crops","United States of America","Yield","Oats","1974","17088"
"Crops","United States of America","Yield","Oats","1975","17578"
"Crops","United States of America","Yield","Oats","1976","16380"
"Crops","United States of America","Yield","Oats","1977","20023"
"Crops","United States of America","Yield","Oats","1978","18751"
"Crops","United States of America","Yield","Oats","1979","19514"
"Crops","United States of America","Yield","Oats","1980","19009"
"Crops","United States of America","Yield","Oats","1981","19428"
"Crops","United States of America","Yield","Oats","1982","20722"
"Crops","United States of America","Yield","Oats","1983","18860"
"Crops","United States of America","Yield","Oats","1984","20812"
"Crops","United States of America","Yield","Oats","1985","22827"
"Crops","United States of America","Yield","Oats","1986","20188"
"Crops","United States of America","Yield","Oats","1987","19460"
"Crops","United States of America","Yield","Oats","1988","14111"
"Crops","United States of America","Yield","Oats","1989","19472"
"Crops","United States of America","Yield","Oats","1990","21567"
"Crops","United States of America","Yield","Oats","1991","18161"
"Crops","United States of America","Yield","Oats","1992","23472"
"Crops","United States of America","Yield","Oats","1993","19497"
"Crops","United States of America","Yield","Oats","1994","20479"
"Crops","United States of America","Yield","Oats","1995","19573"
"Crops","United States of America","Yield","Oats","1996","20702"
"Crops","United States of America","Yield","Oats","1997","21325"
"Crops","United States of America","Yield","Oats","1998","21605"
"Crops","United States of America","Yield","Oats","1999","21363"
"Crops","United States of America","Yield","Oats","2000","23011"
"Crops","United States of America","Yield","Oats","2001","22072"
"Crops","United States of America","Yield","Oats","2002","20217"
"Crops","United States of America","Yield","Oats","2003","23327"
"Crops","United States of America","Yield","Oats","2004","23221"
"Crops","United States of America","Yield","Oats","2005","22598"
"Crops","United States of America","Yield","Oats","2006","21447"
"Crops","United States of America","Yield","Oats","2007","21566"
"Crops","United States of America","Yield","Oats","2008","22842"
"Crops","United States of America","Yield","Oats","2009","24369"
"Crops","United States of America","Yield","Oats","2010","23172"
"Crops","United States of America","Yield","Oats","2011","20547"
"Crops","United States of America","Yield","Oats","2012","21944"
"Crops","United States of America","Yield","Oats","2013","22978"
"Crops","United States of America","Yield","Oats","2014","24338"
"Crops","United States of America","Yield","Oats","2015","25168"
"Crops","United States of America","Yield","Oats","2016","23677"
"Crops","United States of America","Yield","Oats","2017","22120"
"Crops","United States of America","Yield","Oats","2018","23274"
"Crops","United States of America","Yield","Soybeans","1961","16900"
"Crops","United States of America","Yield","Soybeans","1962","16302"
"Crops","United States of America","Yield","Soybeans","1963","16432"
"Crops","United States of America","Yield","Soybeans","1964","15309"
"Crops","United States of America","Yield","Soybeans","1965","16508"
"Crops","United States of America","Yield","Soybeans","1966","17087"
"Crops","United States of America","Yield","Soybeans","1967","16498"
"Crops","United States of America","Yield","Soybeans","1968","17986"
"Crops","United States of America","Yield","Soybeans","1969","18435"
"Crops","United States of America","Yield","Soybeans","1970","17941"
"Crops","United States of America","Yield","Soybeans","1971","18522"
"Crops","United States of America","Yield","Soybeans","1972","18706"
"Crops","United States of America","Yield","Soybeans","1973","18696"
"Crops","United States of America","Yield","Soybeans","1974","15933"
"Crops","United States of America","Yield","Soybeans","1975","19421"
"Crops","United States of America","Yield","Soybeans","1976","17543"
"Crops","United States of America","Yield","Soybeans","1977","20552"
"Crops","United States of America","Yield","Soybeans","1978","19741"
"Crops","United States of America","Yield","Soybeans","1979","21614"
"Crops","United States of America","Yield","Soybeans","1980","17827"
"Crops","United States of America","Yield","Soybeans","1981","20331"
"Crops","United States of America","Yield","Soybeans","1982","21213"
"Crops","United States of America","Yield","Soybeans","1983","17594"
"Crops","United States of America","Yield","Soybeans","1984","18930"
"Crops","United States of America","Yield","Soybeans","1985","22923"
"Crops","United States of America","Yield","Soybeans","1986","22411"
"Crops","United States of America","Yield","Soybeans","1987","22794"
"Crops","United States of America","Yield","Soybeans","1988","18155"
"Crops","United States of America","Yield","Soybeans","1989","21783"
"Crops","United States of America","Yield","Soybeans","1990","22920"
"Crops","United States of America","Yield","Soybeans","1991","23029"
"Crops","United States of America","Yield","Soybeans","1992","25295"
"Crops","United States of America","Yield","Soybeans","1993","21941"
"Crops","United States of America","Yield","Soybeans","1994","27813"
"Crops","United States of America","Yield","Soybeans","1995","23759"
"Crops","United States of America","Yield","Soybeans","1996","25269"
"Crops","United States of America","Yield","Soybeans","1997","26164"
"Crops","United States of America","Yield","Soybeans","1998","26169"
"Crops","United States of America","Yield","Soybeans","1999","24634"
"Crops","United States of America","Yield","Soybeans","2000","25614"
"Crops","United States of America","Yield","Soybeans","2001","26639"
"Crops","United States of America","Yield","Soybeans","2002","25567"
"Crops","United States of America","Yield","Soybeans","2003","22769"
"Crops","United States of America","Yield","Soybeans","2004","28405"
"Crops","United States of America","Yield","Soybeans","2005","28961"
"Crops","United States of America","Yield","Soybeans","2006","28817"
"Crops","United States of America","Yield","Soybeans","2007","28067"
"Crops","United States of America","Yield","Soybeans","2008","26718"
"Crops","United States of America","Yield","Soybeans","2009","29595"
"Crops","United States of America","Yield","Soybeans","2010","29243"
"Crops","United States of America","Yield","Soybeans","2011","28232"
"Crops","United States of America","Yield","Soybeans","2012","26867"
"Crops","United States of America","Yield","Soybeans","2013","29615"
"Crops","United States of America","Yield","Soybeans","2014","31977"
"Crops","United States of America","Yield","Soybeans","2015","32289"
"Crops","United States of America","Yield","Soybeans","2016","34936"
"Crops","United States of America","Yield","Soybeans","2017","33133"
"Crops","United States of America","Yield","Soybeans","2018","34681"
"Crops","United States of America","Yield","Wheat","1961","16070"
"Crops","United States of America","Yield","Wheat","1962","16809"
"Crops","United States of America","Yield","Wheat","1963","16949"
"Crops","United States of America","Yield","Wheat","1964","17344"
"Crops","United States of America","Yield","Wheat","1965","17853"
"Crops","United States of America","Yield","Wheat","1966","17688"
"Crops","United States of America","Yield","Wheat","1967","17375"
"Crops","United States of America","Yield","Wheat","1968","19116"
"Crops","United States of America","Yield","Wheat","1969","20580"
"Crops","United States of America","Yield","Wheat","1970","20865"
"Crops","United States of America","Yield","Wheat","1971","22829"
"Crops","United States of America","Yield","Wheat","1972","21983"
"Crops","United States of America","Yield","Wheat","1973","21248"
"Crops","United States of America","Yield","Wheat","1974","18333"
"Crops","United States of America","Yield","Wheat","1975","20582"
"Crops","United States of America","Yield","Wheat","1976","20375"
"Crops","United States of America","Yield","Wheat","1977","20629"
"Crops","United States of America","Yield","Wheat","1978","21136"
"Crops","United States of America","Yield","Wheat","1979","22980"
"Crops","United States of America","Yield","Wheat","1980","22513"
"Crops","United States of America","Yield","Wheat","1981","23229"
"Crops","United States of America","Yield","Wheat","1982","23859"
"Crops","United States of America","Yield","Wheat","1983","26509"
"Crops","United States of America","Yield","Wheat","1984","26073"
"Crops","United States of America","Yield","Wheat","1985","25197"
"Crops","United States of America","Yield","Wheat","1986","23167"
"Crops","United States of America","Yield","Wheat","1987","25330"
"Crops","United States of America","Yield","Wheat","1988","22913"
"Crops","United States of America","Yield","Wheat","1989","22024"
"Crops","United States of America","Yield","Wheat","1990","26567"
"Crops","United States of America","Yield","Wheat","1991","23038"
"Crops","United States of America","Yield","Wheat","1992","26433"
"Crops","United States of America","Yield","Wheat","1993","25699"
"Crops","United States of America","Yield","Wheat","1994","25270"
"Crops","United States of America","Yield","Wheat","1995","24065"
"Crops","United States of America","Yield","Wheat","1996","24389"
"Crops","United States of America","Yield","Wheat","1997","26574"
"Crops","United States of America","Yield","Wheat","1998","29034"
"Crops","United States of America","Yield","Wheat","1999","28726"
"Crops","United States of America","Yield","Wheat","2000","28238"
"Crops","United States of America","Yield","Wheat","2001","27018"
"Crops","United States of America","Yield","Wheat","2002","23567"
"Crops","United States of America","Yield","Wheat","2003","29712"
"Crops","United States of America","Yield","Wheat","2004","29026"
"Crops","United States of America","Yield","Wheat","2005","28231"
"Crops","United States of America","Yield","Wheat","2006","25986"
"Crops","United States of America","Yield","Wheat","2007","27046"
"Crops","United States of America","Yield","Wheat","2008","30175"
"Crops","United States of America","Yield","Wheat","2009","29897"
"Crops","United States of America","Yield","Wheat","2010","31167"
"Crops","United States of America","Yield","Wheat","2011","29422"
"Crops","United States of America","Yield","Wheat","2012","31154"
"Crops","United States of America","Yield","Wheat","2013","31673"
"Crops","United States of America","Yield","Wheat","2014","29378"
"Crops","United States of America","Yield","Wheat","2015","29299"
"Crops","United States of America","Yield","Wheat","2016","35408"
"Crops","United States of America","Yield","Wheat","2017","31175"
"Crops","United States of America","Yield","Wheat","2018","31999"
